"thai","german","transliteration","pos","tags","lesson","exampleThai","exampleGerman"
"กิน","essen","gin","Verb","Food,A1","1","ฉันกินข้าว","Ich esse Reis."
"ดื่ม","trinken","duem","Verb","Food,A1","1","ฉันดื่มน้ำ","Ich trinke Wasser."
"น้ำ","Wasser","nam","Nomen","Food,A1","1","น้ำเย็น","Kaltes Wasser."
"ข้าว","Reis","khao","Nomen","Food,A1","1","ข้าวอร่อย","Der Reis ist lecker."
"ไป","gehen","paai","Verb","Basics,A1","1","ฉันไปโรงเรียน","Ich gehe zur Schule."
"มา","kommen","maa","Verb","Basics,A1","1","เขามาที่บ้าน","Er kommt nach Hause."
"อยู่","sein/wohnen","yuu","Verb","Basics,A1","1","ฉันอยู่ที่นี่","Ich bin hier."
"มี","haben","mii","Verb","Basics,A1","1","ฉันมีเวลา","Ich habe Zeit."
"ไม่","no/nicht","mai","Partikel","Basics,A1","1","ไม่เป็นไร","Kein Problem."
"ใช่","ja","chai","Partikel","Basics,A1","1","ใช่ครับ","Ja."
"บ้าน","Haus","baan","Nomen","Basics,A1","1","บ้านใหญ่","Das Haus ist groß."
"รถ","Auto","rot","Nomen","Transport,A1","1","รถใหม่","Ein neues Auto."
"คน","Mensch","khon","Nomen","Basics,A1","1","คนเยอะ","Viele Menschen."
"วันนี้","heute","wanii","Adverb","Time,A1","1","วันนี้ร้อน","Heute ist es heiß."
"พรุ่งนี้","morgen","phrung-nii","Adverb","Time,A1","1","พรุ่งนี้ทำงาน","Morgen arbeite ich."
"ทำ","machen","tam","Verb","Basics,A1","1","ฉันทำงาน","Ich arbeite."
"งาน","Arbeit","ngaan","Nomen","Basics,A1","1","งานเยอะ","Viel Arbeit."
"เรียน","lernen","rian","Verb","School,A1","1","ฉันเรียนภาษาไทย","Ich lerne Thai."
"ภาษา","Sprache","phaa-saa","Nomen","School,A1","1","ภาษาไทย","Die thailändische Sprache."
"ดี","gut","dii","Adjektiv","Basics,A1","1","ดีมาก","Sehr gut."
"ใหญ่","groß","yai","Adjektiv","Basics,A1","1","บ้านใหญ่","Ein großes Haus."
"เล็ก","klein","lek","Adjektiv","Basics,A1","1","ห้องเล็ก","Ein kleines Zimmer."
"ดู","sehen","duu","Verb","Basics,A1","1","ฉันดูทีวี","Ich sehe fern."
"ฟัง","hören","fang","Verb","Basics,A1","1","ฉันฟังเพลง","Ich höre Musik."
"ซื้อ","kaufen","sue","Verb","Shopping,A1","1","ฉันซื้อของ","Ich kaufe Sachen."
"ทำงาน","arbeiten","tham-ngaan","Verb","Work,A1","1","ฉันทำงานที่นี่","Ich arbeite hier."
"พัก","ausruhen","phak","Verb","Basics,A1","1","ฉันพักผ่อน","Ich ruhe mich aus."
"เดิน","gehen","dern","Verb","Basics,A1","1","ฉันเดินเร็ว","Ich gehe schnell."
"เงิน","Geld","ngoen","Nomen","Basics,A1","1","มีเงิน","Geld haben."
"เวลา","Zeit","welaa","Nomen","Basics,A1","1","ไม่มีเวลา","Keine Zeit."
"วัน","Tag","wan","Nomen","Basics,A1","1","วันนี้เป็นวันที่ดี","Heute ist ein schöner Tag."
"อาหาร","Essen","aahaan","Nomen","Food,A1","1","อาหารไทย","Thailändisches Essen."
"โรงเรียน","Schule","rong-rian","Nomen","Education,A1","1","ไปโรงเรียน","Zur Schule gehen."
"เร็ว","schnell","reo","Adjektiv","Basics,A2","1","รถเร็ว","Das Auto ist schnell."
"ช้า","langsam","chaa","Adjektiv","Basics,A2","1","เดินช้า","Langsam gehen."
"ขาย","verkaufen","khaai","Verb","Shopping,A2","1","เขาขายอาหาร","Er verkauft Essen."
"ราคา","Preis","raa-khaa","Nomen","Shopping,A2","1","ราคาถูก","Der Preis ist günstig."
"แพง","teuer","paeng","Adjektiv","Shopping,A2","1","ของแพง","Die Sache ist teuer."
"ฉัน","ich","chan","Pronomen","Basics,A1","1","ฉันชื่อมาเรีย","Ich heiße Maria."
"คุณ","du/Sie","khun","Pronomen","Basics,A1","1","คุณชื่ออะไร","Wie heißt du?"
"เขา","er/sie (3.P)","khao","Pronomen","Basics,A1","1","เขาไปโรงเรียน","Er/Sie geht zur Schule."
"เรา","wir / ich (umgangssp.)","rao","Pronomen","Basics,A1","1","เราจะไปเที่ยวด้วยกัน","Wir fahren zusammen in den Urlaub."
"พวกเรา","wir","phuak-rao","Pronomen","Basics,A2","1","พวกเราอยู่ที่นี่","Wir sind hier."
"ทุกคน","alle","thuk-khon","Pronomen","Basics,A2","1","ทุกคนมาถึงแล้ว","Alle sind angekommen."
"ใคร","wer","khrai","Fragewort","Basics,A1","1","ใครมาอยู่ที่นี่","Wer ist hierher gekommen?"
"อะไร","was","a-rai","Fragewort","Basics,A1","1","นี่คืออะไร","Was ist das?"
"ที่ไหน","wo","thii-nai","Fragewort","Basics,A1","1","คุณอยู่ที่ไหน","Wo bist du?"
"เมื่อไหร่","wann","muea-rai","Fragewort","Basics,A1","1","คุณจะมาเมื่อไหร่","Wann kommst du?"
"ทำไม","warum","tham-mai","Fragewort","Basics,A1","1","ทำไมคุณมาสาย","Warum bist du spät?"
"ยังไง","wie (auf welche Weise)","yang-ngai","Fragewort","Basics,A2","1","จะไปยังไง","Wie soll ich hingehen?"
"เท่าไหร่","wie viel / wie teuer","thao-rai","Fragewort","Basics,A1","1","ของนี้เท่าไหร่","Wie viel kostet das?"
"ครับ","(höflich, männlich)","khrap","Partikel","Basics,A1","1","ครับ","(höflich, männlich)"
"ค่ะ","(höflich, weiblich)","kha","Partikel","Basics,A1","1","ค่ะ","(höflich, weiblich)"
"นะ","bitte/okay? (weich)","na","Partikel","Basics,A2","1","นะ","bitte/okay? (weich)"
"ไหม","Fragepartikel","mai","Partikel","Basics,A1","1","ไหม","Fragepartikel"
"แล้ว","schon/bereits","laeo","Partikel","Basics,A1","1","ฉันทำเสร็จแล้ว","Ich bin schon fertig."
"ยัง","noch","yang","Partikel","Basics,A1","1","เขายังไม่มาถึง","Er ist immer noch nicht da."
"กำลัง","gerade (Progressiv)","kamlang","Partikel","Basics,A2","1","ฉันกำลังเรียนภาษาไทย","Ich lerne gerade Thailändisch."
"เลย","überhaupt / sofort","loei","Partikel","Basics,A2","1","ทำเลย","Mach es sofort!"
"และ","und","lae","Konjunktion","Basics,A1","1","ฉันชอบกาแฟและชา","Ich mag Kaffee und Tee."
"หรือ","oder","rue","Konjunktion","Basics,A1","1","คุณต้องการกาแฟหรือน้ำชา","Möchtest du Kaffee oder Wasser?"
"แต่","aber","tae","Konjunktion","Basics,A1","1","เขาอยากไปแต่เขาไม่มีเวลา","Er möchte gehen, aber er hat keine Zeit."
"เพราะ","weil","phro","Konjunktion","Basics,A2","1","เธอยิ้มเพราะมีความสุข","Sie lächelt, weil sie glücklich ist."
"ถ้า","wenn/falls","thaa","Konjunktion","Basics,A2","1","ถ้าฝนตกเราจะอยู่บ้าน","Wenn es regnet, bleiben wir zu Hause."
"กับ","mit","kap","Präposition","Basics,A1","1","ฉันไปตลาดกับเพื่อน","Ich gehe mit einem Freund auf den Markt."
"โดย","durch/mit (Mittel)","doi","Präposition","Basics,A2","1","เราเดินทางโดยรถไฟ","Wir reisen mit dem Zug."
"ก่อน","vorher","gon","Adverb","Basics,A2","1","โปรดเช็คเอกสารก่อนส่ง","Bitte prüfe die Unterlagen, bevor du sie abschickst."
"หลัง","nachher","lang","Adverb","Basics,A2","1","หลังประชุมเราจะไปซื้อของ","Nachher gehen wir einkaufen." 
"เป็น","sein","pen","Verb","Basics,A1","1","ฉันเป็นครู","Ich bin Lehrerin/Lehrer."
"พูด","sprechen","phuut","Verb","Basics,A1","1","เขาพูดภาษาไทยและเยอรมัน","Er spricht Thai und Deutsch."
"บอก","sagen","bok","Verb","Basics,A1","1","แม่บอกให้ฉันกลับบ้านเร็ว","Mama sagt mir, ich soll früh nach Hause kommen."
"ถาม","fragen","thaam","Verb","Basics,A1","1","ฉันจะถามคุณพรุ่งนี้","Ich frage dich morgen."
"ตอบ","antworten","top","Verb","Basics,A1","1","เขาตอบอีเมลทันที","Er antwortet sofort auf die E-Mail."
"อ่าน","lesen","aan","Verb","Education,A1","1","ฉันอ่านหนังสือ","Ich lese ein Buch."
"เขียน","schreiben","khian","Verb","Education,A1","1","ฉันเขียนอีเมล","Ich schreibe eine E-Mail."
"รู้","wissen/kennen","ruu","Verb","Basics,A2","1","ฉันรู้อยู่แล้ว","Ich weiß es schon."
"เข้าใจ","verstehen","khao-jai","Verb","Basics,A2","1","ฉันเข้าใจมัน","Ich verstehe es."
"คิด","denken","khit","Verb","Basics,A2","1","ฉันคิดถึงบ้าน","Ich denke an Zuhause."
"ช่วย","helfen","chuay","Verb","Basics,A1","1","ช่วยฉันหน่อยได้ไหม","Kannst du mir bitte helfen?"
"รอ","warten","raw","Verb","Basics,A1","1","ฉันรอคุณอยู่ที่หน้าประตู","Ich warte auf dich vor der Tür."
"เริ่ม","beginnen","roem","Verb","Basics,A2","1","ฉันเริ่มงานใหม่วันนี้","Ich habe heute mit dem neuen Job angefangen."
"จบ","enden","chop","Verb","Basics,A2","1","ฉันจบงานแล้ว","Ich bin mit der Arbeit fertig."
"เปิด","öffnen/anmachen","poet","Verb","Basics,A1","1","กรุณาเปิดไฟ","Bitte mach das Licht an."
"ปิด","schließen/ausmachen","pit","Verb","Basics,A1","1","กรุณาปิดหน้าต่าง","Bitte mach das Fenster zu."
"เข้า","hineingehen","khao","Verb","Basics,A1","1","ฉันเข้าไปในบ้าน","Ich gehe ins Haus."
"ออก","hinausgehen","ok","Verb","Basics,A1","1","ฉันออกไปข้างนอก","Ich gehe raus."
"กลับ","zurückkehren","klap","Verb","Basics,A1","1","ฉันกลับบ้านตอนเย็น","Ich komme abends nach Hause."
"นอน","schlafen","non","Verb","Basics,A1","1","ฉันไปนอนแล้ว","Ich gehe jetzt schlafen."
"ตื่น","aufwachen","tuen","Verb","Basics,A1","1","ฉันตื่นเช้า","Ich wache früh auf."
"นั่ง","sitzen","nang","Verb","Basics,A1","1","โปรดนั่งตรงนี้","Bitte setz dich hier."
"ยืน","stehen","yuen","Verb","Basics,A1","1","เขายืนหน้าประตู","Er steht vor der Tür."
"วิ่ง","laufen","wing","Verb","Basics,A2","1","ฉันวิ่งทุกเช้า","Ich laufe jeden Morgen."
"จ่าย","bezahlen","jaai","Verb","Shopping,A2","1","ฉันจ่ายเงินที่แคชเชียร์","Ich bezahle an der Kasse."
"ใช้","benutzen","chai","Verb","Basics,A2","1","ฉันใช้โทรศัพท์ทุกวัน","Ich benutze mein Handy jeden Tag."
"ให้","geben","hai","Verb","Basics,A1","1","ฉันให้คุณของขวัญ","Ich gebe dir ein Geschenk."
"เอา","nehmen","ao","Verb","Basics,A1","1","ฉันเอาน้ำหนึ่งแก้ว","Ich nehme ein Glas Wasser."
"รับ","empfangen/annehmen","rap","Verb","Basics,A2","1","ฉันรับพัสดุ","Ich nehme das Paket an."
"ส่ง","senden/bringen","song","Verb","Basics,A2","1","ฉันส่งอีเมล","Ich schicke eine E-Mail."
"โทร","anrufen","tho","Verb","Phone,A1","1","ฉันโทรหาแม่","Ich rufe meine Mutter an."
"ถ่ายรูป","fotografieren","thaai-ruup","Verb","Leisure,A2","1","ฉันถ่ายรูปที่สวน","Ich mache ein Foto im Park."
"ขับรถ","Auto fahren","khap-rot","Verb","Travel,A2","2","ฉันขับรถไปทำงาน","Ich fahre mit dem Auto zur Arbeit."
"ออกกำลังกาย","Sport treiben","ok-kamlang-kai","Verb","Health,A2","2","ฉันออกกำลังกายทุกเช้า","Ich mache morgens Sport."
"ทำอาหาร","kochen","tham-aahaan","Verb","Food,A2","2","ฉันทำอาหารเย็น","Ich koche das Abendessen."
"ล้าง","waschen/spülen","laang","Verb","Home,A2","2","ฉันล้างจาน","Ich spüle das Geschirr."
"ทำความสะอาด","putzen","tham-khwaam-sa-aat","Verb","Home,A2","2","ฉันทำความสะอาดบ้าน","Ich putze die Wohnung."
"ซักผ้า","Wäsche waschen","sak-phaa","Verb","Home,A2","2","ฉันซักผ้าวันเสาร์","Ich wasche am Samstag die Wäsche."
"อาบน้ำ","duschen/baden","aap-nam","Verb","Home,A1","2","ฉันอาบน้ำตอนเช้า","Ich dusche morgens."
"แต่งตัว","sich anziehen","taeng-tua","Verb","Home,A2","2","ฉันแต่งตัวไปทำงาน","Ich ziehe mich für die Arbeit an."
"ไม่ดี","nicht gut","mai-dii","Adjektiv","Basics,A2","2","อากาศวันนี้ไม่ดี","Das Wetter ist heute nicht gut."
"สวย","schön","suay","Adjektiv","Basics,A1","2","ดอกไม้สวยมาก","Die Blumen sind sehr schön."
"น่ารัก","süß/niedlich","naa-rak","Adjektiv","Basics,A2","2","ลูกแมวน่ารักมาก","Das Kätzchen ist sehr süß."
"ใหม่","neu","mai","Adjektiv","Basics,A1","2","นี่คือรถใหม่ของฉัน","Das Auto ist neu."
"เก่า","alt","gao","Adjektiv","Basics,A1","2","บ้านนี้เก่ามาก","Dieses Haus ist sehr alt."
"ถูก","billig","thuuk","Adjektiv","Shopping,A1","2","เสื้อนี้ถูกมาก","Dieses T-Shirt ist sehr billig."
"ง่าย","einfach","ngaai","Adjektiv","Basics,A2","2","โจทย์นี้ง่ายมาก","Diese Aufgabe ist sehr einfach."
"ยาก","schwierig","yaak","Adjektiv","Basics,A2","2","ภาษาไทยยากไหม","Ist Thai schwierig?"
"ว่าง","frei (Zeit)","waang","Adjektiv","Basics,A1","2","วันเสาร์ฉันว่าง","Am Samstag habe ich Zeit."
"ยุ่ง","beschäftigt","yung","Adjektiv","Work,A1","2","ตอนนี้ฉันยุ่งมาก","Ich bin jetzt sehr beschäftigt."
"สะอาด","sauber","sa-aat","Adjektiv","Home,A1","2","ห้องสะอาดมาก","Das Zimmer ist sehr sauber."
"สกปรก","schmutzig","so-kaprok","Adjektiv","Home,A2","2","รองเท้าสกปรก","Die Schuhe sind schmutzig."
"ร้อน","heiß","ron","Adjektiv","Basics,A1","2","วันนี้อากาศร้อนมาก","Heute ist es sehr heiß."
"หนาว","kalt (Wetter)","naao","Adjektiv","Weather,A2","2","ฤดูหนาวหนาวมาก","Im Winter ist es sehr kalt."
"เย็น","kalt/kühl","yen","Adjektiv","Basics,A1","2","น้ำเย็น","Das Wasser ist kalt."
"อุ่น","warm","un","Adjektiv","Basics,A2","2","ชาอุ่นๆ","Warmer Tee."
"หิว","hungrig","hiu","Adjektiv","Food,A1","2","ฉันหิวมาก","Ich habe großen Hunger."
"อิ่ม","satt","im","Adjektiv","Food,A1","2","ฉันอิ่มแล้ว","Ich bin satt."
"เผ็ด","scharf","phet","Adjektiv","Food,A1","2","อาหารนี้เผ็ดมาก","Dieses Essen ist sehr scharf."
"หวาน","süß","waan","Adjektiv","Food,A1","2","เค้กหวานเกินไป","Der Kuchen ist zu süß."
"เค็ม","salzig","khem","Adjektiv","Food,A1","2","ซุปเค็มเกินไป","Die Suppe ist zu salzig."
"เปรี้ยว","sauer","priao","Adjektiv","Food,A1","2","มะนาวเปรี้ยว","Die Limette ist sauer."
"ขม","bitter","khom","Adjektiv","Food,A2","2","กาแฟขม","Der Kaffee ist bitter."
"อร่อย","lecker","a-roi","Adjektiv","Food,A1","2","มันอร่อย","Es ist lecker."
"มาก","sehr/viel","maak","Adverb","Basics,A1","2","ฉันชอบมาก","Ich mag es sehr."
"น้อย","wenig","noi","Adverb","Basics,A1","2","มีคนน้อยมาก","Es gibt sehr wenige Leute."
"ตอนนี้","jetzt","ton-nii","Adverb","Basics,A1","2","ฉันอยู่บ้านตอนนี้","Ich bin jetzt zu Hause."
"เมื่อวาน","gestern","muea-waan","Adverb","Basics,A1","2","เมื่อวานฉันไปตลาด","Gestern bin ich zum Markt gegangen."
"บ่อย","oft","boi","Adverb","Basics,A2","2","ฉันออกกำลังกายบ่อย","Ich mache oft Sport."
"บางครั้ง","manchmal","baang-khrang","Adverb","Basics,A2","2","บางครั้งฉันทำอาหาร","Manchmal koche ich."
"เสมอ","immer","sa-moe","Adverb","Basics,A2","2","ฉันตื่นเช้าเสมอ","Ich wache immer früh auf."
"ศูนย์","Null","suun","Zahl","Basics,A1","2","ศูนย์","Null"
"หนึ่ง","eins","nueng","Zahl","Basics,A1","2","หนึ่ง","eins"
"สอง","zwei","song","Zahl","Basics,A1","2","สอง","zwei"
"สาม","drei","saam","Zahl","Basics,A1","2","สาม","drei"
"สี่","vier","sii","Zahl","Basics,A1","2","สี่","vier"
"ห้า","fünf","haa","Zahl","Basics,A1","2","ห้า","fünf"
"หก","sechs","hok","Zahl","Basics,A1","2","หก","sechs"
"เจ็ด","sieben","jet","Zahl","Basics,A1","2","เจ็ด","sieben"
"แปด","acht","paet","Zahl","Basics,A1","2","แปด","acht"
"เก้า","neun","gao","Zahl","Basics,A1","2","เก้า","neun"
"สิบ","zehn","sip","Zahl","Basics,A1","2","สิบ","zehn"
"ยี่สิบ","zwanzig","yii-sip","Zahl","Basics,A2","2","ยี่สิบ","zwanzig"
"ร้อย","hundert","roi","Zahl","Basics,A2","2","ร้อย","hundert"
"พัน","tausend","phan","Zahl","Basics,A2","2","พัน","tausend"
"สัปดาห์","Woche","sap-daa","Nomen","Time,A2","2","สัปดาห์หน้าฉันไปกรุงเทพ","Nächste Woche fahre ich nach Bangkok."
"เดือน","Monat","deuan","Nomen","Time,A1","2","เดือนนี้ฝนตกมาก","Diesen Monat regnet es viel."
"ปี","Jahr","pii","Nomen","Time,A1","2","ปีหน้าฉันไปเยอรมัน","Nächstes Jahr fahre ich nach Deutschland."
""วันจันทร์","Montag","wan-jan","Nomen","Time,A1","2","วันจันทร์ฉันมีนัด","Montags habe ich einen Termin."
""วันอังคาร","Dienstag","wan-ang-khaan","Nomen","Time,A1","2","วันอังคารฉันเรียนภาษาไทย","Dienstags lerne ich Thai."
""วันพุธ","Mittwoch","wan-phut","Nomen","Time,A1","2","วันพุธฉันทำงาน","Mittwochs arbeite ich."
""วันพฤหัสบดี","Donnerstag","wan-pha-rue-hat-sa-bodii","Nomen","Time,A2","2","วันพฤหัสบดีฉันว่าง","Donnerstags habe ich frei."
""วันศุกร์","Freitag","wan-suk","Nomen","Time,A1","2","วันศุกร์ฉันไปเบิ้นเพื่อน","Freitags treffe ich Freunde."
""วันเสาร์","Samstag","wan-sao","Nomen","Time,A1","2","วันเสาร์ฉันไปเบิ้นสินค้า","Samstags gehe ich einkaufen."
""วันอาทิตย์","Sonntag","wan-aa-thit","Nomen","Time,A1","2","วันอาทิตย์ฉันพักผ่อน","Sonntags ruhe ich mich aus."
""เช้า","Morgen (Tageszeit)","chao","Nomen","Time,A1","2","ตอนเช้านี้ฉันวิ่ง","Heute Morgen bin ich gelaufen."
""เที่ยง","Mittag","thiang","Nomen","Time,A1","2","ตอนเที่ยงฉันกินข้าว","Mittags esse ich Reis."
""บ่าย","Nachmittag","baai","Nomen","Time,A1","2","ตอนบ่ายนี้ฉันไปห้องสมุด","Heute Nachmittag gehe ich in die Bibliothek."
""กลางคืน","Nacht","klang-khuen","Nomen","Time,A1","2","กลางคืนฉันนอนหลับ","Nachts schlafe ich."
"นาที","Minute","naa-thii","Nomen","Time,A2","2","รอสิบนาที","Warte zehn Minuten."
"ชั่วโมง","Stunde","chua-mong","Nomen","Time,A2","2","ฉันเรียนสองชั่วโมง","Ich lerne zwei Stunden."
"ห้อง","Zimmer","hong","Nomen","Basics,A1","2","ห้องนี้ใหญ่มาก","Dieses Zimmer ist sehr groß."
"ห้องน้ำ","Toilette","hong-nam","Nomen","Basics,A1","2","ห้องน้ำอยู่ที่ไหน","Wo ist die Toilette?"
"ห้องครัว","Küche","hong-khrua","Nomen","Home,A2","2","แม่ทำอาหารในห้องครัว","Mama kocht in der Küche."
"มหาวิทยาลัย","Universität","ma-haa-wit-tha-yaa-lai","Nomen","Education,A2","2","ฉันเรียนที่มหาวิทยาลัย","Ich studiere an der Universität."
"โรงพยาบาล","Krankenhaus","rong-pha-yaa-baan","Nomen","Health,A2","2","เขาไปโรงพยาบาล","Er ist im Krankenhaus."
"ร้านขายยา","Apotheke","raan-khaai-yaa","Nomen","Health,A2","2","ฉันซื้อยาที่ร้านขายยา","Ich kaufe Medikamente in der Apotheke."
"ธนาคาร","Bank","tha-na-khaan","Nomen","Shopping,A2","2","ฉันต้องไปธนาคาร","Ich muss zur Bank."
"ตลาด","Markt","ta-laat","Nomen","Shopping,A1","2","ฉันไปตลาดทุกวัน","Ich gehe jeden Tag zum Markt."
"ร้าน","Laden/Shop","raan","Nomen","Shopping,A1","2","ร้านนี้เปิดเมื่อไหร่","Wann öffnet dieser Laden?"
"ร้านอาหาร","Restaurant","raan-aahaan","Nomen","Food,A1","2","เราไปร้านอาหารกันไหม","Gehen wir zusammen ins Restaurant?"
"โรงแรม","Hotel","rong-raem","Nomen","Travel,A1","2","ฉันพักที่โรงแรม","Ich übernachte im Hotel."
"สนามบิน","Flughafen","sa-naam-bin","Nomen","Travel,A2","2","ฉันไปสนามบิน","Ich fahre zum Flughafen."
"สถานี","Station","sa-thaa-nii","Nomen","Travel,A2","2","สถานีอยู่ไกลไหม","Wo ist der Bahnhof?"
"ถนน","Straße","tha-non","Nomen","Travel,A1","2","ถนนนี้ชื่ออะไร","Wie heißt diese Straße?"
"สวน","Park/Garten","suan","Nomen","Home,A2","2","เราไปเดินเล่นในสวน","Wir spazieren im Park."
"ทะเล","Meer","tha-lay","Nomen","Travel,A1","2","ฉันชอบทะเล","Ich mag das Meer."
"ภูเขา","Berg","phuu-khao","Nomen","Travel,A2","2","ภูเขาสูงมาก","Der Berg ist sehr hoch."
"ชายหาด","Strand","chaai-haat","Nomen","Travel,A2","2","เราไปชายหาดกัน","Lass uns zum Strand gehen."
"แท็กซี่","Taxi","taek-sii","Nomen","Travel,A1","2","ฉันเรียกแท็กซี่","Ich rufe ein Taxi."
"รถเมล์","Bus","rot-may","Nomen","Travel,A2","2","ฉันนั่งรถเมล์ทุกวัน","Ich fahre jeden Tag mit dem Bus."
"รถไฟ","Zug","rot-fai","Nomen","Travel,A1","2","รถไฟสะดวกกว่ารถเมล์","Der Zug ist bequemer als der Bus."
"เรือ","Boot","ruea","Nomen","Travel,A1","2","เราไปทางเกาะด้วยเรือ","Wir fahren mit dem Boot zur Insel."
"เครื่องบิน","Flugzeug","khrueang-bin","Nomen","Travel,A2","2","เครื่องบินขึ้นแล้ว","Das Flugzeug ist schon gestartet."
"ตั๋ว","Ticket","tua","Nomen","Travel,A2","2","ฉันซื้อตั๋วรถไฟ","Ich kaufe ein Zugticket."
"แผนที่","Karte (Plan)","phaen-thii","Nomen","Travel,A2","2","ฉันต้องการแผนที่","Ich brauche eine Karte."
"ผลไม้","Obst","phon-la-mai","Nomen","Food,A1","2","ฉันชอบกินผลไม้","Ich esse gern Obst."
"ผัก","Gemüse","phak","Nomen","Food,A1","2","ผักดีต่อสุขภาพ","Gemüse ist gesund."
"เนื้อ","Fleisch","nuea","Nomen","Food,A2","2","ฉันไม่กินเนื้อ","Ich esse kein Fleisch."
"ปลา","Fisch","plaa","Nomen","Food,A1","2","ปลาสดมาก","Der Fisch ist sehr frisch."
"ไก่","Huhn","gai","Nomen","Food,A1","2","ฉันสั่งไก่ทอด","Ich bestelle gebratenes Hähnchen."
"หมู","Schwein","muu","Nomen","Food,A1","2","ฉันไม่กินหมู","Ich esse kein Schweinefleisch."
"ไข่","Ei","khai","Nomen","Food,A1","3","ฉันกินไข่ตอนเช้า","Ich esse morgens ein Ei."
"นม","Milch","nom","Nomen","Food,A1","3","ฉันดื่มนมทุกวัน","Ich trinke jeden Tag Milch."
"กาแฟ","Kaffee","gaa-fae","Nomen","Food,A1","3","ฉันชอบกาแฟ","Ich mag Kaffee."
"ชา","Tee","chaa","Nomen","Food,A1","3","ฉันดื่มชาร้อน","Ich trinke heißen Tee."
"น้ำผลไม้","Saft","naam-phon-la-mai","Nomen","Food,A2","3","ฉันดื่มน้ำส้ม","Ich trinke Orangensaft."
"ขนม","Snack/Süßigkeit","kha-nom","Nomen","Food,A1","3","เด็กชอบขนม","Kinder lieben Süßigkeiten."
"ขนมปัง","Brot","kha-nom-pang","Nomen","Food,A2","3","ฉันกินขนมปังตอนเช้า","Ich esse morgens Brot."
"ซุป","Suppe","sup","Nomen","Food,A2","3","ซุปร้อนมาก","Die Suppe ist sehr warm."
"หัว","Kopf","hua","Nomen","Health,A2","3","หัวคนเจ็บ","Mein Kopf tut weh."
"ตา","Auge","taa","Nomen","Health,A1","3","ตาของฉันสีน้ำตา","Meine Augen sind blau."
"หู","Ohr","huu","Nomen","Health,A1","3","ชั้นรีหู","Mein Ohr tut weh."
"จมูก","Nase","ja-muuk","Nomen","Health,A2","3","จมูกเงิยงแตดถยิดเยบ","Seine Nase ist krumm."
"ปาก","Mund","paak","Nomen","Health,A1","3","ปากหนำสุกผิ้น","Sein Mund ist klein."
"ฟัน","Zahn","fan","Nomen","Health,A2","3","ฟันบรรธ","Meine Zähne sind weiß."
"มือ","Hand","mue","Nomen","Health,A1","3","มือขาวมีนิ้วม่าย","Meine Hände sind schmutzig."
"เท้า","Fuß","thao","Nomen","Health,A1","3","เท้าปาเสื้อไปหนูหิน","Meine Füße schmerzen sehr."
"หมอ","Arzt","mo","Nomen","Health,A1","3","หมอตรวจสอบแต่งฉัน","Der Arzt untersucht mich."
"ยา","Medizin","yaa","Nomen","Health,A1","3","ฉันกินยาทุกวัน","Ich nehme jeden Tag Medikamente."
"ปวด","schmerzen (haben)","puat","Verb","Health,A2","3","ฉันปวด","Ich schmerzen (haben)."
"เจ็บ","weh tun / verletzt sein","jep","Adjektiv","Health,A2","3","มันเจ็บ","Es ist weh tun / verletzt sein."
"ประตู","Tür","pra-tuu","Nomen","Home,A1","3","ประตูเปิด","Die Tür ist offen."
"หน้าต่าง","Fenster","naa-taang","Nomen","Home,A1","3","หน้าต่างปิด","Das Fenster ist zu."
"เตียง","Bett","tiang","Nomen","Home,A1","3","ฉันนอนในเตียง","Ich bin im Bett."
"โต๊ะ","Tisch","to","Nomen","Home,A1","3","อาหารอยู่บนโต๊ะ","Das Essen ist auf dem Tisch."
"เก้าอี้","Stuhl","gao-ii","Nomen","Home,A1","3","ฉันนั่งบนเก้าอี้","Ich sitze auf dem Stuhl."
""ตู้เย็น","Kühlschrank","tuu-yen","Nomen","Home,A2","3","ไข่อยู่ในตู้เย็น","Die Eier sind im Kühlschrank."
""ไฟ","Licht","fai","Nomen","Home,A1","3","โปรดเปิดไฟเหนือ","Bitte mach das Licht an."
""กุญแจ","Schlüssel","gun-jae","Nomen","Home,A2","3","ฉันลืมกุญแจ","Ich habe den Schlüssel vergessen."
""สบู่","Seife","sa-buu","Nomen","Home,A2","3","ถือสบู่จากห้องน้ำ","Hol Seife aus dem Bad."
"แชมพู","Shampoo","chaem-phuu","Nomen","Home,A2","3","แชมพูไหมอันไหลัป","Welches Shampoo ist neu?"
"ครอบครัว","Familie","khrop-khrua","Nomen","Family,A1","3","ครอบครัวของฉันใหญ่หลาย","Meine Familie ist groß."
"พ่อ","Vater","pho","Nomen","Family,A1","3","พ่อของฉันทำงานสงเครา","Mein Vater ist Ingenieur."
"แม่","Mutter","mae","Nomen","Family,A1","3","แม่ของฉันทุกเมื่อไปตลาด","Meine Mutter geht jeden Tag zum Markt."
"ลูก","Kind","luuk","Nomen","Family,A1","3","ลูกของเขาเขินเรียนมาก","Ihr Sohn studiert."
"พี่ชาย","älterer Bruder","phii-chaai","Nomen","Family,A2","3","พี่ชายของฉันเดินทางดาย","Mein älterer Bruder arbeitet als Pilot."
"น้องสาว","jäüngere Schwester","nong-saao","Nomen","Family,A2","3","น้องสาวของฉันกำลังเอา","Meine jüngere Schwester ist zehn Jahre alt."
"สามี","Ehemann","saa-mii","Nomen","Family,A2","3","สามีเขาไปไหน์ชำมื่อ","Mein Mann wurde erledigt ist bei Arbeit."
"ภรรยา","Ehefrau","phan-ra-yaa","Nomen","Family,A2","3","ภรรยาทำงานโรงแรม","Meine Ehefrau verwaltet das Hotel."
"ใบเสร็จ","Quittung","bai-set","Nomen","Shopping,A2","3","พนักงานให้ฉันใบเสร็จ","Der Verkäufer gab mir die Quittung."
"โทรศัพท์","Telefon","tho-ra-sap","Nomen","Phone,A1","3","โทรศัพท์ของฉันหาย","Mein Telefon ist verloren."
"อินเทอร์เณ็ต","Internet","in-thoe-noet","Nomen","Work,A2","3","Internetภายเร็วนิปวน","Das Internet ist schnell."
"อีเมล","E-Mail","ii-meo","Nomen","Work,A2","3","เสร็จ E-Mail อยู่ไหน","Wo ist die E-Mail?"
"ชื่อ","Name","chue","Nomen","Basics,A1","3","ชื่อของฉันคือ Jack","Mein Name ist Jack."
"อายุ","Alter","aa-yu","Nomen","Basics,A1","3","ฉันอายุหาห้าปี","Ich bin fünfundzwanzig Jahre alt."
"ที่อยู่","Adresse","thii-yuu","Nomen","Basics,A2","3","ที่อยู่ของฉันสงครมหลายคุงเทพ","Meine Adresse ist in Bangkok."
"เพื่อน","Freund(in)","phuean","Nomen","Basics,A1","3","เพื่อนของฉันสุขุณ","Mein Freund ist sehr freundlich."
"ตำรวจ","Polizei","tam-ruat","Nomen","Basics,A2","3","ตำรวจช่วยเหตุรหส","Die Polizei hilft Menschen."
"ร้านกาแฟ","Café","raan-gaa-fae","Nomen","Food,A2","3","เราไปร้านกาแฟสักภาวินบรีหลิซิ่","Lass uns zu einem Café gehen und einen Kaffee trinken."
"ซูเปอร์มาร์เก็ต","Supermarkt","suu-per-maa-ket","Nomen","Shopping,A2","3","ซูเปอร์มาร์เก็ตไกลเหือ","Der Supermarkt ist gross."
"ไปรษณีย์","Post","prai-sa-nii","Nomen","Basics,A2","3","ไปรษณีย์ปิดเมื่อทำงานเสาร์","Die Post ist von Montag bis Samstag offen."
"โรงหนัง","Kino","rong-nang","Nomen","Leisure,A2","3","เราไปโรงหนังนั่ว","Lass uns heute ins Kino gehen."
"สวนสาธารณะ","Park","suan-saa-thaa-ra-na","Nomen","Travel,A2","3","ป่สวนสาธารณะข่างหน้อยกี่คน","Der Park hat viele Bäume."
"ห้องนั่งเล่น","Wohnzimmer","hong-nang-len","Nomen","Home,A2","3","เราดูทีวีหอในห้องนั่งเล่น","Wollen wir fernschauen im Wohnzimmer?"
"ห้องนอน","Schlafzimmer","hong-non","Nomen","Home,A1","3","ฉันนอนเกือหี้องโเชุ","Ich schlafe im Schlafzimmer."
"ห้องเรียน","Klassenzimmer","hong-rian","Nomen","Education,A2","3","วัอะเมื่อจากห้องเรียน","Wann verlasse ich das Klassenzimmer?"
"สนามกีฬา","Sportplatz","sa-naam-gii-laa","Nomen","Leisure,A2","3","เราสำกลิกคนในสนามกีฬา","Lass uns auf dem Sportplatz Sport machen."
"สถานีรถไฟ","Bahnhof","sa-thaa-nii-rot-fai","Nomen","Travel,A2","3","สถานีรถไฟอยู่ไกลไหม","Der Bahnhof ist weit weg."
"ป้ายรถเมล์","Bushaltestelle","paai-rot-may","Nomen","Travel,A2","3","ป้ายรถเมล์ใคหุ๋ายไม่ไกล","Die Bushaltestelle ist nicht weit entfernt."
"ร้านเสื้อผ้า","Kleidungsladen","raan-suea-phaa","Nomen","Shopping,A2","3","ร้านเสื้อผ้ามีเสื้อสวย","Der Kleidungsladen hat schöne Hemden."
"ตลาดนัด","Flohmarkt","ta-laat-nat","Nomen","Shopping,A2","3","ตลาดนัดเปิดเฉพาะวันเสาร์อาทิตย์","Der Flohmarkt ist nur am Wochenende offen."
"ของขวัญ","Geschenk","khong-khwan","Nomen","Shopping,A2","3","ของขวัญนี้สวยมาก","Dieses Geschenk ist sehr schön."
"รูป","Foto/Bild","ruup","Nomen","Basics,A1","3","ขอบจ่อต่องถีหรืองไหม","Kann ich ein Foto machen?"
"กล้อง","Kamera","glong","Nomen","Basics,A2","3","Kamera ของฉันใหม","Meine Kamera ist neu."
"เพลง","Lied","phleng","Nomen","Leisure,A1","3","Das Lied นี้ชอบมาก","Ich mag dieses Lied."
"ดนตรี","Musik","don-trii","Nomen","Leisure,A2","3","ดนตรีเยัอปอปดเหมียคหงมีคุณคคลที่กำหนด","Thai-Musik ist interessant."
"กีฬา","Sport","gii-laa","Nomen","Leisure,A2","3","Sport แลวหลักไหงห่า","Sport ist gesund."
"อากาศ","Wetter/Luft","aa-kaat","Nomen","Weather,A1","3","แดดวันนี้สวยโดดไม่","Das Wetter heute ist schön."
"ฝน","Regen","fon","Nomen","Weather,A1","3","มีหรืดจตนวันเคา","Es regnet heute."
"แดด","Sonne","daet","Nomen","Weather,A1","3","Die Sonne แสขโวคเณาิคดจมะศมุผิงใจแสวลหุทาง","Die Sonne scheint sehr hell."
"ลม","Wind","lom","Nomen","Weather,A1","3","มีลมผุ่งมูลวันนี้","Es ist windig heute."
"เมฆ","Wolke","mek","Nomen","Weather,A2","3","ท้องฟ้ามีเมฆมาก","Der Himmel ist voll von Wolken."
"บัตรประชาชน","Ausweis","bat-pra-chaa-chon","Nomen","Basics,A2","3","ฉันต้องมีบัตรประชาชน","Ich brauche einen Ausweis."
"หนังสือเดินทาง","Reisepass","nang-sue-doen-thaang","Nomen","Travel,A2","3","ฉันต้องการหนังสือเดินทาง","Ich brauche einen Reisepass."
"โรงงาน","Fabrik","rong-ngaan","Nomen","Work,A2","3","เขาทำงานในโรงงาน","Er arbeitet in einer Fabrik."
"บริษัท","Firma","bo-ri-sat","Nomen","Work,A2","3","ฉันทำงานในบริษัท","Ich arbeite in einer Firma."
"หัวหน้า","Chef","hua-naa","Nomen","Work,A2","3","หัวหน้าของฉันดี","Mein Chef ist nett."
"เพื่อนร่วมงาน","Kollege","phuean-ruam-ngaan","Nomen","Work,A2","3","เพื่อนร่วมงานของฉันสนใจภาษาไทย","Mein Kollege interessiert sich für Thai."
"เงินเดือน","Gehalt","ngoen-deuan","Nomen","Work,A2","3","เงินเดือนเพียงพอหรือไม่","Das Gehalt ist ausreichend."
"วันหยุด","Freientag","wan-yut","Nomen","Work,A2","3","ฉันมีวันหยุดพรุ่งนี้","Ich habe morgen frei."
"ปัญหา","Problem","pan-haa","Nomen","Basics,A2","3","มีปัญหาอะไร","Welches Problem gibt es?"
"คำถาม","Frage","kham-thaam","Nomen","Education,A2","3","ฉันมีคำถาม","Ich habe eine Frage."
"คำตอบ","Antwort","kham-top","Nomen","Education,A2","3","คำตอบนี้ถูก","Die Antwort ist richtig."
"ข้อสอบ","Prüfung","kho-sop","Nomen","Education,A2","3","ข้อสอบยาก","Die Prüfung ist schwierig."
"นัดหมาย","Termin","nat-maai","Nomen","Basics,A2","3","ฉันมีนัดหมายวันพรุ่งนี้","Ich habe morgen einen Termin."
"ข่าว","Nachricht","khao","Nomen","Basics,A2","3","ฉันได้รับข่าวดี","Ich habe gute Nachrichten erhalten."
"ภาษาไทย","Thailändisch (Sprache)","phaa-saa-thai","Nomen","Education,A1","3","ฉันเรียนภาษาไทย","Ich lerne Thai."
"ภาษาเยอรมัน","Deutsch (Sprache)","phaa-saa-yoe-ra-man","Nomen","Education,A2","3","ฉันรักภาษาเยอรมัน","Ich liebe Deutsch."
"ภาษาอังกฤษ","Englisch (Sprache)","phaa-saa-ang-grit","Nomen","Education,A1","3","เขาพูดภาษาอังกฤษ","Er spricht Englisch."
"เสื้อ","Shirt","suea","Nomen","Clothes,A1","3","เสื้อของฉันแดง","Mein Shirt ist rot."
"กางเกง","Hose","gaang-geng","Nomen","Clothes,A1","3","กางเกงใหม่ของฉัน","Meine neue Hose."
"รองเท้า","Schuhe","rong-thao","Nomen","Clothes,A1","3","รองเท้าสีขาว","Die Schuhe sind weiß."
"กระเป๋า","Tasche/Koffer","kra-pao","Nomen","Travel,A1","3","กระเป๋าของฉันเหลว","Meine Tasche ist schwer."
"หมวก","Hut","muak","Nomen","Clothes,A2","3","หมวกสีดำ","Der Hut ist schwarz."
"แว่นตา","Brille","waen-taa","Nomen","Clothes,A2","3","แว่นตาของฉัน","Meine Brille."
"นาฬิกา","Uhr","naa-li-gaa","Nomen","Clothes,A2","3","นาฬิกาบอก 3 โมง","Die Uhr zeigt 3 Uhr."
"สี","Farbe","sii","Nomen","Basics,A1","3","ฉันชอบสีแดง","Ich mag rot."
"แดง","rot","daeng","Adjektiv","Basics,A1","3","มันแดง","Es ist rot."
"เขียว","grün","khiao","Adjektiv","Basics,A1","3","มันเขียว","Es ist grün."
"เหลือง","gelb","lueang","Adjektiv","Basics,A1","3","มันเหลือง","Es ist gelb."
"น้ำเงิน","blau","naam-ngoen","Adjektiv","Basics,A1","3","มันน้ำเงิน","Es ist blau."
"ดำ","schwarz","dam","Adjektiv","Basics,A1","4","มันดำ","Es ist schwarz."
"ขาว","weiß","khao","Adjektiv","Basics,A1","4","มันขาว","Es ist weiß."
"น้ำตาล","braun","naam-taan","Adjektiv","Basics,A2","4","มันน้ำตาล","Es ist braun."
"ชมพู","rosa","chom-phuu","Adjektiv","Basics,A2","4","มันชมพู","Es ist rosa."
"เทา","grau","thao","Adjektiv","Basics,A2","4","มันเทา","Es ist grau."
"ตรงไป","geradeaus","trong-pai","Phrase","Travel,A1","4","ตรงไป","geradeaus"
"เลี้ยวซ้าย","links abbiegen","liao-saai","Phrase","Travel,A2","4","เลี้ยวซ้าย","links abbiegen"
"เลี้ยวขวา","rechts abbiegen","liao-khwaa","Phrase","Travel,A2","4","เลี้ยวขวา","rechts abbiegen"
"หยุด","stoppen","yut","Verb","Travel,A2","4","ฉันหยุด","Ich halte an."
"เริ่มต้น","anfangen","roem-ton","Verb","Basics,A2","4","ฉันเริ่มต้น","Ich fange an."
"สำคัญ","wichtig","sam-khan","Adjektiv","Basics,A2","4","มันสำคัญ","Es ist wichtig."
"จำเป็น","notwendig","jam-pen","Adjektiv","Basics,A2","4","มันจำเป็น","Es ist notwendig."
"ปลอดภัย","sicher","plot-phai","Adjektiv","Basics,A2","4","มันปลอดภัย","Es ist sicher."
"ทำกับข้าว","kochen","tham-kap-khao","Verb","Food,A2","4","ฉันทำกับข้าว","Ich koche."
"ลืม","vergessen","luem","Verb","Basics,A2","4","ฉันลืม","Ich vergesse."
"จำ","sich erinnern","jam","Verb","Basics,A2","4","ฉันจำ","Ich erinnere mich."
"พบ","treffen","phop","Verb","Basics,A2","4","ฉันพบ","Ich treffe."
"ลอง","probieren","long","Verb","Basics,A2","4","ฉันลอง","Ich probiere."
"เลือก","auswählen","lueak","Verb","Shopping,A2","4","ฉันเลือก","Ich wähle aus."
"ขอ","bitten/verlangen","kho","Verb","Basics,A1","4","ฉันขอ","Ich bitte/verlange."
"ต้อง","müssen","tong","Verb","Basics,A2","4","ฉันต้อง","Ich muss."
"อธิบาย","erklären","a-thi-baai","Verb","Education,A2","4","ฉันอธิบาย","Ich erkläre."
"แนะนำ","empfehlen/vorstellen","nae-nam","Verb","Basics,A2","4","ฉันแนะนำ","Ich empfehle/stelle vor."
"เตรียม","vorbereiten","triam","Verb","Basics,A2","4","ฉันเตรียม","Ich bereite vor."
"จอง","reservieren","jong","Verb","Travel,A2","4","ฉันจอง","Ich reserviere."
"เดินทาง","reisen","doen-thaang","Verb","Travel,A2","4","ฉันเดินทาง","Ich reise."
"เที่ยว","reisen/ausgehen","thiao","Verb","Travel,A1","4","ฉันเที่ยว","Ich reise/gehe aus."
"เยี่ยม","besuchen","yiam","Verb","Basics,A2","4","ฉันเยี่ยม","Ich besuche."
"โทรกลับ","zurückrufen","tho-klap","Verb","Phone,A2","4","ฉันโทรกลับ","Ich rufe zurück."
"ส่งข้อความ","Nachricht senden","song-kho-khwaam","Verb","Phone,A2","4","ฉันส่งข้อความ","Ich sende eine Nachricht."
"ถ่ายเอกสาร","kopieren","thaai-eek-ka-saan","Verb","Work,A2","4","ฉันถ่ายเอกสาร","Ich kopiere."
"พิมพ์","tippen/drucken","phim","Verb","Work,A2","4","ฉันพิมพ์","Ich tippe/drucke."
"ซ่อม","reparieren","som","Verb","Home,A2","4","ฉันซ่อม","Ich repariere."
"ชำระเงิน","bezahlen","cham-ra-ngoen","Verb","Shopping,A2","4","ฉันชำระเงิน","Ich bezahle."
"ขึ้นรถ","einsteigen","khuen-rot","Verb","Travel,A2","4","ฉันขึ้นรถ","Ich steige ein."
"ลงรถ","aussteigen","long-rot","Verb","Travel,A2","4","ฉันลงรถ","Ich steige aus."
"เปลี่ยน","wechseln","plian","Verb","Basics,A2","4","ฉันเปลี่ยน","Ich wechsle."
"ย้าย","umziehen/versetzen","yaai","Verb","Basics,A2","4","ฉันย้าย","Ich ziehe um/versetze."
"เริ่มเรียน","anfangen zu lernen","roem-rian","Verb","Education,A2","4","ฉันเริ่มเรียน","Ich fange an zu lernen."
"หยุดพัก","Pause machen","yut-phak","Verb","Work,A2","4","ฉันหยุดพัก","Ich mache Pause."
"สูง","hoch","suung","Adjektiv","Basics,A1","4","มันสูง","Es ist hoch."
"ต่ำ","niedrig","tam","Adjektiv","Basics,A2","4","มันต่ำ","Es ist niedrig."
"หนัก","schwer","nak","Adjektiv","Basics,A2","4","มันหนัก","Es ist schwer."
"เบา","leicht","bao","Adjektiv","Basics,A2","4","มันเบา","Es ist leicht."
"ใกล้","nah","glai","Adjektiv","Travel,A1","4","มันใกล้","Es ist nah."
"ไกล","weit","glai","Adjektiv","Travel,A1","4","มันไกล","Es ist weit."
"เต็ม","voll","tem","Adjektiv","Basics,A2","4","มันเต็ม","Es ist voll."
"ว่างเปล่า","leer","waang-plao","Adjektiv","Basics,A2","4","มันว่างเปล่า","Es ist leer."
"พร้อม","bereit","phrom","Adjektiv","Basics,A2","4","มันพร้อม","Es ist bereit."
"จริง","echt/wirklich","jing","Adjektiv","Basics,A2","4","มันจริง","Es ist echt/wirklich."
"เร็วๆนี้","bald","reo-reo-nii","Adverb","Basics,A2","4","เร็วๆนี้","bald"
"ทันที","sofort","than-thii","Adverb","Basics,A2","4","ทันที","sofort"
"ช้าๆ","langsam (bitte)","chaa-chaa","Adverb","Basics,A2","4","ช้าๆ","langsam (bitte)"
"โต๊ะทำงาน","Schreibtisch","to-tham-ngaan","Nomen","Work,A2","4","โต๊ะทำงานของฉันสะอาด","Mein Schreibtisch ist sauber."
"คีย์บอร์ด","Tastatur","khii-bot","Nomen","Work,A2","4","ฉันพิมพ์ด้วยคีย์บอร์ด","Ich tippe mit der Tastatur."
"เมาส์","Maus (PC)","mao","Nomen","Work,A2","4","เมาส์ไม่ทำงาน","Die Maus funktioniert nicht."
"หน้าจอ","Bildschirm","naa-jor","Nomen","Work,A2","4","หน้าจอใหญ่มาก","Der Bildschirm ist sehr groß."
"เครื่องพิมพ์","Drucker","khrueang-phim","Nomen","Work,A2","4","เครื่องพิมพ์เสีย","Der Drucker ist kaputt."
"ปลั๊กไฟ","Steckdose","plak-fai","Nomen","Home,A2","4","ปลั๊กไฟอยู่ไหน","Wo ist die Steckdose?"
"สายชาร์จ","Ladekabel","saai-chaat","Nomen","Phone,A2","4","ฉันต้องการสายชาร์จ","Ich brauche ein Ladekabel."
"แบตเตอรี่","Batterie","bae-toe-rii","Nomen","Phone,A2","4","แบตเตอรี่หมด","Die Batterie ist leer."
"กระจก","Spiegel/Glas","kra-jok","Nomen","Home,A2","4","กระจกสะอาด","Der Spiegel ist sauber."
"ผ้าห่ม","Decke","phaa-hom","Nomen","Home,A2","4","ผ้าห่มอุ่น","Die Decke ist warm."
"หมอน","Kissen","mon","Nomen","Home,A1","4","หมอนนุ่ม","Das Kissen ist weich."
"ผ้าเช็ดตัว","Handtuch","phaa-chet-tua","Nomen","Home,A2","4","ผ้าเช็ดตัวเปียก","Das Handtuch ist nass."
"แปรงสีฟัน","Zahnbürste","praeng-sii-fan","Nomen","Home,A2","4","ฉันแปรงฟันด้วยแปรงสีฟัน","Ich putze meine Zähne mit der Zahnbürste."
"ยาสีฟัน","Zahnpasta","yaa-sii-fan","Nomen","Home,A2","4","ยาสีฟันมีรส","Zahnpasta hat einen Geschmack."
"มีด","Messer","miit","Nomen","Food,A2","4","มีดเหลม","Das Messer ist scharf."
"ช้อน","Löffel","chon","Nomen","Food,A2","4","ช้อนของฉัน","Mein Löffel."
"ส้อม","Gabel","som","Nomen","Food,A2","4","ส้อมยาว","Die Gabel ist lang."
"หม้อ","Topf","moh","Nomen","Home,A2","4","หม้อขนาดใหญ่","Der Topf ist groß."
"กระทะ","Pfanne","kra-tha","Nomen","Home,A2","4","กระทะร้อน","Die Pfanne ist heiß."
"ขวด","Flasche","khuat","Nomen","Food,A2","4","ขวดน้ำ","Die Wasserflasche."
"ร้านสะดวกซื้อ","Minimarkt","raan-sa-duak-sue","Nomen","Shopping,A2","4","ร้านสะดวกซื้ออยู่ตรงนี้","Der Minimarkt ist gleich hier."
"ห้างสรรพสินค้า","Einkaufszentrum","haang-san-pha-sin-khaa","Nomen","Shopping,A2","4","ห้างสรรพสินค้าใหญ่","Das Einkaufszentrum ist groß."
"โรงพัก","Polizeiwache","rong-phak","Nomen","Basics,A2","4","โรงพักอยู่ไกล","Die Polizeiwache ist weit weg."
"วัด","Tempel","wat","Nomen","Travel,A2","4","วัดใหญ่ทำให้ประทับใจ","Der Tempel ist beeindruckend."
"พิพิธภัณฑ์","Museum","phi-phi-tha-phan","Nomen","Travel,A2","4","พิพิธภัณฑ์เปิดตอนเช้า","Das Museum öffnet morgens."
"ห้องสมุด","Bibliothek","hong-sa-mut","Nomen","Education,A2","4","ห้องสมุดเงียบ","Die Bibliothek ist ruhig."
"สระว่ายน้ำ","Schwimmbad/Pool","sa-waai-nam","Nomen","Leisure,A2","4","สระว่ายน้ำเปิดวันจันทร์","Das Schwimmbad ist montags geöffnet."
"ข้าวผัด","gebratener Reis","khao-phat","Nomen","Food,A2","4","ข้าวผัดอร่อย","Gebratener Reis ist lecker."
"ก๋วยเตี๋ยว","Nudelsuppe","kuai-tiao","Nomen","Food,A2","4","ก๋วยเตี๋ยวร้อน","Nudelsuppe ist heiß."
"ส้มตำ","Papayasalat","som-tam","Nomen","Food,A2","4","ส้มตำเผ็ด","Der Papayasalat ist scharf."
"ข้าวเหนียว","Klebreis","khao-niao","Nomen","Food,A2","4","ข้าวเหนียวอร่อย","Klebreis ist lecker."
"น้ำปลา","Fischsoße","nam-plaa","Nomen","Food,A2","4","น้ำปลามีกลิ่น","Fischsoße hat einen Geruch."
"เกลือ","Salz","gluea","Nomen","Food,A2","4","เกลือขาว","Das Salz ist weiß."
"พริก","Chili","phrik","Nomen","Food,A2","4","พริกแดง","Die Chili ist rot."
"กระเทียม","Knoblauch","kra-thiam","Nomen","Food,A2","4","กระเทียมร้อน","Knoblauch ist warm."
"หัวหอม","Zwiebel","hua-hom","Nomen","Food,A2","4","หัวหอมอ่อน","Die Zwiebel ist zart."
"มะนาว","Limette","ma-naao","Nomen","Food,A2","4","มะนาวเปรี้ยว","Die Limette ist sauer."
"กล้วย","Banane","kluai","Nomen","Food,A1","4","กล้วยเหลือง","Die Banane ist gelb."
"มะม่วง","Mango","ma-muang","Nomen","Food,A2","4","มะม่วงหวาน","Die Mango ist süß."
"สับปะรด","Ananas","sap-pa-rot","Nomen","Food,A2","4","สับปะรดเขียว","Ananas ist grün."
"แตงโม","Wassermelone","taeng-mo","Nomen","Food,A2","4","แตงโมหวาน","Wassermelone ist süß."
"ส้ม","Orange","som","Nomen","Food,A1","4","ส้มสด","Orange ist frisch."
"แอปเปิล","Apfel","aep-poen","Nomen","Food,A2","4","แอปเปิลแดง","Der Apfel ist rot."
"ข้าวโพด","Mais","khao-phot","Nomen","Food,A2","4","ข้าวโพดนุ่ม","Mais ist zart."
"เสื้อกันฝน","Regenjacke","suea-kan-fon","Nomen","Clothes,A2","4","เสื้อกันฝนสีเขียว","Die Regenjacke ist grün."
"เสื้อยืด","T-Shirt","suea-yuet","Nomen","Clothes,A2","4","เสื้อยืดสีน้ำเงิน","Das T-Shirt ist blau."
"กางเกงยีนส์","Jeans","gaang-geng-yiin","Nomen","Clothes,A2","4","กางเกงยีนส์ฟาด","Die Jeans sind zerrissen."
"กระโปรง","Rock","kra-pro-ng","Nomen","Clothes,A2","5","กระโปรงสั้น","Der Rock ist kurz."
"ถุงเท้า","Socken","thung-thao","Nomen","Clothes,A2","5","ถุงเท้าสีขาว","Die Socken sind weiß."
"นก","Vogel","nok","Nomen","Animals,A2","5","นกร้องเพลง","Der Vogel singt."
"วัว","Kuh","wua","Nomen","Animals,A2","5","วัวกินหญ้า","Die Kuh isst Gras."
"แขน","Arm","khaen","Nomen","Health,A2","5","แขนของฉันปวด","Mein Arm tut weh."
"ขา","Bein","khaa","Nomen","Health,A2","5","ขายาว","Das Bein ist lang."
"ท้อง","Bauch","thong","Nomen","Health,A2","5","ท้องของเขาปวด","Sein Bauch tut weh."
"คอ","Hals","kho","Nomen","Health,A2","5","คอของฉันปวด","Mein Hals tut weh."
"ไหล่","Schulter","lai","Nomen","Health,A2","5","ไหล่กว้าง","Die Schulter ist breit."
"ดีใจ","froh","dii-jai","Adjektiv","Basics,A2","5","มันดีใจ","Es ist froh."
"เสียใจ","traurig","sia-jai","Adjektiv","Basics,A2","5","มันเสียใจ","Es ist traurig."
"โกรธ","wütend","grot","Adjektiv","Basics,A2","5","มันโกรธ","Es ist wütend."
"กลัว","ängstlich","klua","Adjektiv","Basics,A2","5","มันกลัว","Es ist ängstlich."
"กังวล","besorgt","kang-won","Adjektiv","Basics,A2","5","มันกังวล","Es ist besorgt."
"ไม่เป็นไร","macht nichts / kein Problem","mai-pen-rai","Phrase","Basics,A1","5","ไม่เป็นไร","macht nichts / kein Problem"
"ขอหน่อย","bitte (kurz)","kho-noi","Phrase","Basics,A2","5","ขอหน่อย","bitte (kurz)"
"ช่วยด้วย","Hilfe!","chuay-duay","Phrase","Basics,A2","5","ช่วยด้วย","Hilfe!"
"ไปทางไหน","wo geht's lang?","pai-thaang-nai","Phrase","Travel,A2","5","ไปทางไหน","wo geht's lang?"
"ราคาเท่าไหร่","wie viel kostet das?","raa-khaa-thao-rai","Phrase","Shopping,A1","5","ราคาเท่าไหร่","wie viel kostet das?"
"ฉันไม่รู้","ich weiß nicht","chan-mai-ruu","Phrase","Basics,A1","5","ฉันไม่รู้","ich weiß nicht"
"ฉันเข้าใจแล้ว","ich habe verstanden","chan-khao-jai-laeo","Phrase","Basics,A2","5","ฉันเข้าใจแล้ว","ich habe verstanden"
"พูดช้าๆ","bitte langsam sprechen","phuut-chaa-chaa","Phrase","Basics,A2","5","พูดช้าๆ","bitte langsam sprechen"
"สิบเอ็ด","elf","sip-et","Zahl","Basics,A2","5","สิบเอ็ด","elf"
"สิบสอง","zwölf","sip-song","Zahl","Basics,A2","5","สิบสอง","zwölf"
"สิบสาม","dreizehn","sip-saam","Zahl","Basics,A2","5","สิบสาม","dreizehn"
"สิบสี่","vierzehn","sip-sii","Zahl","Basics,A2","5","สิบสี่","vierzehn"
"สิบห้า","fünfzehn","sip-haa","Zahl","Basics,A2","5","สิบห้า","fünfzehn"
"สิบหก","sechzehn","sip-hok","Zahl","Basics,A2","5","สิบหก","sechzehn"
"สิบเจ็ด","siebzehn","sip-jet","Zahl","Basics,A2","5","สิบเจ็ด","siebzehn"
"สิบแปด","achtzehn","sip-paet","Zahl","Basics,A2","5","สิบแปด","achtzehn"
"สิบเก้า","neunzehn","sip-gao","Zahl","Basics,A2","5","สิบเก้า","neunzehn"
"สามสิบ","dreißig","saam-sip","Zahl","Basics,A2","5","สามสิบ","dreißig"
"สี่สิบ","vierzig","sii-sip","Zahl","Basics,A2","5","สี่สิบ","vierzig"
"ห้าสิบ","fünfzig","haa-sip","Zahl","Basics,A2","5","ห้าสิบ","fünfzig"
"หกสิบ","sechzig","hok-sip","Zahl","Basics,A2","5","หกสิบ","sechzig"
"เจ็ดสิบ","siebzig","jet-sip","Zahl","Basics,A2","5","เจ็ดสิบ","siebzig"
"แปดสิบ","achtzig","paet-sip","Zahl","Basics,A2","5","แปดสิบ","achtzig"
"เก้าสิบ","neunzig","gao-sip","Zahl","Basics,A2","5","เก้าสิบ","neunzig"
"หนึ่งร้อย","hundert","nueng-roi","Zahl","Basics,A2","5","หนึ่งร้อย","hundert"
"สองร้อย","zweihundert","song-roi","Zahl","Basics,A2","5","สองร้อย","zweihundert"
"พันหนึ่ง","tausend","phan-nueng","Zahl","Basics,A2","5","พันหนึ่ง","tausend"
"มกราคม","Januar","ma-ga-raa-khom","Nomen","Time,A2","5","มกราคมเย็น","Der Januar ist kalt."
"กุมภาพันธ์","Februar","gum-pha-phan","Nomen","Time,A2","5","กุมภาพันธ์ร้อน","Der Februar ist warm."
"มีนาคม","März","mii-naa-khom","Nomen","Time,A2","5","มีนาคมแล้ง","Der März ist trocken."
"เมษายน","April","mee-saa-yon","Nomen","Time,A2","5","เมษายนมีฝน","Der April hat Regen."
"พฤษภาคม","Mai","phrueut-sa-phaa-khom","Nomen","Time,A2","5","พฤษภาคมเริ่มฝนตก","Der Mai beginnt zu regnen."
"มิถุนายน","Juni","mi-thu-naa-yon","Nomen","Time,A2","5","มิถุนายนมีฝน","Der Juni hat viel Regen."
"กรกฎาคม","Juli","ga-rá-ga-daa-khom","Nomen","Time,A2","5","กรกฎาคมฝนตก","Der Juli ist regnerisch."
"สิงหาคม","August","sing-haa-khom","Nomen","Time,A2","5","สิงหาคมร้อนและเปียก","Der August ist heiß und nass."
"กันยายน","September","gan-yaa-yon","Nomen","Time,A2","5","กันยายนเย็นลง","Der September wird kühler."
"ตุลาคม","Oktober","tu-laa-khom","Nomen","Time,A2","5","ตุลาคมอากาศดี","Der Oktober hat gutes Wetter."
"พฤศจิกายน","November","phruet-sa-ji-gaa-yon","Nomen","Time,A2","5","พฤศจิกายนเริ่มเย็น","Der November wird kalt."
"ธันวาคม","Dezember","than-waa-khom","Nomen","Time,A2","5","ธันวาคมหนาวมาก","Der Dezember ist sehr kalt."
"เหนือ","Norden","nuea","Nomen","Travel,A2","5","ไปเหนือกันได้ไหม","Können wir in den Norden gehen?"
"ใต้","Süden","tai","Nomen","Travel,A2","5","ใต้ร้อน","Der Süden ist heiß."
"ตะวันออก","Osten","ta-wan-ok","Nomen","Travel,A2","5","ตะวันออกไกล","Der Osten ist weit weg."
"ตะวันตก","Westen","ta-wan-tok","Nomen","Travel,A2","5","ตะวันตกสวย","Der Westen ist schön."
"ใกล้ๆ","in der Nähe","glai-glai","Adverb","Travel,A2","5","ใกล้ๆ","in der Nähe"
"ข้างหน้า","vorne","khaang-naa","Nomen","Travel,A2","5","มีรถข้างหน้า","Es gibt ein Auto vorne."
"ข้างหลัง","hinten","khaang-lang","Nomen","Travel,A2","5","นั่งข้างหลัง","Hinten sitzen."
"ข้างใน","drinnen","khaang-nai","Nomen","Travel,A2","5","อยู่ข้างใน","Drinnen sein."
"ข้างนอก","draußen","khaang-nok","Nomen","Travel,A2","5","เล่นข้างนอก","Draußen spielen."
"ฝนตก","es regnet","fon-tok","Phrase","Weather,A1","5","ฝนตก","es regnet"
"แดดออก","die Sonne scheint","daet-ok","Phrase","Weather,A1","5","แดดออก","die Sonne scheint"
"ลมแรง","starker Wind","lom-raeng","Phrase","Weather,A2","5","ลมแรง","starker Wind"
"ข้าวสวย","Reis (gekocht)","khao-suay","Nomen","Food,A2","5","ข้าวสวยอร่อย","Der Reis ist lecker."
"เส้น","Nudeln (allg.)","sen","Nomen","Food,A2","5","เส้นนุ่ม","Die Nudeln sind weich."
"หมี่","Nudeln (thin)","mii","Nomen","Food,A2","5","หมี่ทำเร็ว","Nudeln gehen schnell zu machen."
"ผัด","gebraten (Stir-fry)","phat","Verb","Food,A2","5","ฉันผัด","Ich gebraten (Stir-fry)."
"ต้ม","kochen (suppen)","tom","Verb","Food,A2","5","ฉันต้ม","Ich kochen (suppen)."
"ย่าง","grillen","yaang","Verb","Food,A2","5","ฉันย่าง","Ich grillen."
"ทอด","frittieren","thot","Verb","Food,A2","5","ฉันทอด","Ich frittieren."
"แตงกวา","Gurke","taeng-gwaa","Nomen","Food,A2","5","แตงกวาสด","Die Gurke ist frisch."
"มะเขือเทศ","Tomate","ma-khuea-thet","Nomen","Food,A2","5","มะเขือเทศแดง","Die Tomate ist rot."
"แครอท","Karotte","khrae-rot","Nomen","Food,A2","5","แครอทส้ม","Die Karotte ist orange."
"มันฝรั่ง","Kartoffel","man-farang","Nomen","Food,A2","5","มันฝรั่งขาว","Die Kartoffel ist weiß."
"เห็ด","Pilz","het","Nomen","Food,A2","5","เห็ดอร่อย","Der Pilz ist lecker."
"ขิง","Ingwer","khing","Nomen","Food,A2","5","ขิงร้อน","Ingwer ist warm."
"ใบกะเพรา","Thai-Basilikum","bai-ga-phrao","Nomen","Food,A2","5","ใบกะเพราว่า","Thai-Basilikum aromatisch."
"น้ำแข็ง","Eiswürfel","nam-khaeng","Nomen","Food,A2","5","น้ำแข็งเย็น","Der Eiswürfel ist kalt."
"เบียร์","Bier","bia","Nomen","Food,A2","5","เบียร์เย็น","Das Bier ist kalt."
"น้ำชา","Tee (Getränk)","nam-chaa","Nomen","Food,A2","5","น้ำชาร้อน","Tee ist heiß."
"ยาแก้ปวด","Schmerzmittel","yaa-kae-puat","Nomen","Health,A2","5","ฉันต้องยาแก้ปวด","Ich brauche Schmerzmittel."
"แพ้","allergisch sein","phae","Verb","Health,A2","5","ฉันแพ้","Ich allergisch sein."
"อาการ","Symptom","aa-gaan","Nomen","Health,A2","5","อาการเป็นไง","Wie sind die Symptome?"
"นัดหมอ","Arzttermin","nat-mo","Nomen","Health,A2","5","ฉันมีนัดหมอ","Ich habe einen Arzttermin."
"การบ้าน","Hausaufgabe","gaan-baan","Nomen","Education,A2","5","ทำการบ้านดิ","Mach die Hausaufgabe."
"ห้องประชุม","Besprechungsraum","hong-pra-chum","Nomen","Work,A2","5","ห้องประชุมสะอาด","Der Besprechungsraum ist sauber."
"ประชุม","Besprechung/meeting","pra-chum","Nomen","Work,A2","5","มีประชุมพรุ่งนี้","Es gibt ein Treffen morgen."
"เอกสาร","Dokument","eek-ka-saan","Nomen","Work,A2","5","อ่านเอกสาร","Das Dokument lesen."
"ไฟล์","Datei","fai","Nomen","Work,A2","5","เปิดไฟล์นี้","Öffne diese Datei."
"บัญชี","Konto/Account","ban-chii","Nomen","Work,A2","5","เปิดบัญชีใหม่","Eröffne ein neues Konto."
"ส่วนลด","Rabatt","suan-lot","Nomen","Shopping,A2","5","ได้ส่วนลด 20%","Es gibt 20% Rabatt."
"แพ็ค","Packung","phaek","Nomen","Shopping,A2","5","ซื้อแพ็คนี้","Kauf diese Packung."
"ขนาด","Größe","kha-naat","Nomen","Shopping,A2","5","ขนาด S ได้ไหม","Hast du Größe S?"
"สีไหน","welche Farbe","sii-nai","Phrase","Shopping,A2","5","สีไหน","welche Farbe"
"ลองได้ไหม","kann ich probieren?","long-dai-mai","Phrase","Shopping,A2","5","ลองได้ไหม","kann ich probieren?"
"เช็คอิน","einchecken","chek-in","Verb","Travel,A2","5","ฉันเช็คอินที่โรงแรม","Ich checke im Hotel ein."
"เช็คเอาท์","auschecken","chek-aot","Verb","Travel,A2","5","ฉันเช็คเอาท์เช้านี้","Ich checke heute Morgen aus."
"ห้องเดี่ยว","Einzelzimmer","hong-diao","Nomen","Travel,A2","5","หนึ่งห้องเดี่ยว","Ein Einzelzimmer, bitte."
